Year,Champ,Game,Win,Home,MP,FG,FGA,FGP,TP,TPA,TPP,FT,FTA,FTP,ORB,DRB,TRB,AST,STL,BLK,TOV,PF,PTS,G1HomeWin,Oppo,OppoPTS,Diff,HomeWin,HomeChamp,History,HomePTS,GuestPTS,TotalPTS,HomeGuestDiff,SeriesLastGame
1980,Lakers,1,1,1,240,48,89,0.539,0,0,,13,15,0.867,12,31,43,30,5,9,17,24,109,TRUE,Sixers,102,7,TRUE,TRUE,w,109,102,211,7,FALSE
1980,Lakers,2,0,1,240,48,95,0.505,0,1,0,8,12,0.667,15,37,52,32,12,7,26,27,104,FALSE,Sixers,107,-3,FALSE,TRUE,wl,104,107,211,-3,FALSE
1980,Lakers,3,1,0,240,44,92,0.478,0,1,0,23,30,0.767,22,34,56,20,5,5,20,25,111,FALSE,Sixers,101,-10,FALSE,TRUE,wlw,111,101,212,10,FALSE
1980,Lakers,4,0,0,240,44,93,0.473,0,0,0,14,19,0.737,18,31,49,23,12,6,19,22,102,FALSE,Sixers,105,3,TRUE,TRUE,wlwl,102,105,207,-3,FALSE
1980,Lakers,5,1,1,240,41,91,0.451,0,0,0,26,33,0.788,19,37,56,28,7,6,21,27,108,FALSE,Sixers,103,5,TRUE,TRUE,wlwlw,108,103,211,5,FALSE
1980,Lakers,6,1,0,240,45,92,0.489,0,2,0,33,35,0.943,17,35,52,27,14,4,17,22,123,FALSE,Sixers,107,-16,FALSE,TRUE,wlwlww,123,107,230,16,TRUE
1981,Celtics,1,1,1,240,41,95,0.432,0,1,0,16,20,0.8,25,29,54,23,6,5,19,21,98,TRUE,Rockets,95,3,TRUE,TRUE,w,98,95,193,3,FALSE
1981,Celtics,2,0,1,240,41,82,0.5,0,3,0,8,13,0.615,14,34,48,17,6,7,22,27,90,FALSE,Rockets,92,-2,FALSE,TRUE,wl,90,92,182,-2,FALSE
1981,Celtics,3,1,0,240,40,89,0.449,2,3,0.667,12,19,0.632,16,28,44,24,12,6,11,25,94,FALSE,Rockets,71,-23,FALSE,TRUE,wlw,94,71,165,23,FALSE
1981,Celtics,4,0,0,240,35,74,0.473,0,3,0,16,24,0.667,17,30,47,22,5,6,22,22,86,FALSE,Rockets,91,5,TRUE,TRUE,wlwl,86,91,177,-5,FALSE
1981,Celtics,5,1,1,240,41,94,0.436,0,3,0,27,35,0.771,19,35,54,25,5,8,14,23,109,FALSE,Rockets,80,29,TRUE,TRUE,wlwlw,109,80,189,29,FALSE
1981,Celtics,6,1,0,240,43,78,0.551,1,4,0.25,15,18,0.833,9,28,37,26,6,0,13,21,102,FALSE,Rockets,91,-11,FALSE,TRUE,wlwlww,102,91,193,11,TRUE
1982,Lakers,1,1,0,240,49,93,0.527,0,0,0.25,26,35,0.743,19,31,50,34,11,7,22,26,124,FALSE,Sixers,117,-7,FALSE,FALSE,l,117,124,241,-7,FALSE
1982,Lakers,2,0,0,240,35,83,0.422,0,5,0,24,37,0.649,17,22,39,25,11,6,18,21,94,FALSE,Sixers,110,16,TRUE,FALSE,lw,110,94,204,16,FALSE
1982,Lakers,3,1,1,240,50,91,0.549,1,1,1,28,47,0.596,17,31,48,30,15,5,18,30,129,FALSE,Sixers,108,21,TRUE,FALSE,lwl,108,129,237,-21,FALSE
1982,Lakers,4,1,1,240,45,97,0.464,0,1,0,21,29,0.724,16,33,49,35,10,4,12,21,111,FALSE,Sixers,101,10,TRUE,FALSE,lwll,101,111,212,-10,FALSE
1982,Lakers,5,0,0,240,47,100,0.47,0,2,0,8,16,0.5,26,23,49,31,5,9,24,29,102,FALSE,Sixers,135,33,TRUE,FALSE,lwllw,135,102,237,33,FALSE
1982,Lakers,6,1,1,240,47,87,0.54,0,0,0,20,25,0.8,15,34,49,33,12,11,22,26,114,FALSE,Sixers,104,10,TRUE,FALSE,lwllwl,104,114,218,-10,TRUE
1983,Sixers,1,1,1,240,45,96,0.469,0,0,0,23,31,0.742,21,32,53,26,11,13,14,22,113,TRUE,Lakers,107,6,TRUE,TRUE,w,113,107,220,6,FALSE
1983,Sixers,2,1,1,240,40,83,0.482,0,1,0,23,32,0.719,16,28,44,22,10,6,18,16,103,FALSE,Lakers,93,10,TRUE,TRUE,ww,103,93,196,10,FALSE
1983,Sixers,3,1,0,240,45,94,0.479,0,1,0,21,35,0.6,22,32,54,27,14,2,19,23,111,FALSE,Lakers,94,-17,FALSE,TRUE,www,111,94,205,17,FALSE
1983,Sixers,4,1,0,240,42,81,0.519,0,1,0,31,40,0.775,13,28,41,29,9,11,17,28,115,FALSE,Lakers,108,-7,FALSE,TRUE,wwww,115,108,223,7,TRUE
1984,Celtics,1,0,1,240,41,94,0.436,1,3,0.333,26,34,0.765,21,26,47,15,6,5,17,27,109,TRUE,Lakers,115,0,FALSE,TRUE,l,109,115,224,-6,FALSE
1984,Celtics,2,1,1,265,45,98,0.459,0,2,0,34,48,0.708,20,30,50,20,13,4,17,27,124,FALSE,Lakers,121,3,TRUE,TRUE,lw,124,121,245,3,FALSE
1984,Celtics,3,0,0,240,40,101,0.396,2,5,0.4,22,31,0.71,17,27,44,23,5,5,13,33,104,FALSE,Lakers,137,33,TRUE,TRUE,lwl,104,137,241,-33,FALSE
1984,Celtics,4,1,0,265,48,111,0.432,2,4,0.5,31,37,0.838,27,25,52,30,15,3,14,28,129,FALSE,Lakers,125,-4,FALSE,TRUE,lwlw,129,125,254,4,FALSE
1984,Celtics,5,1,1,240,45,87,0.517,3,5,0.6,28,36,0.778,13,38,51,28,8,5,18,32,121,FALSE,Lakers,103,18,TRUE,TRUE,lwlww,121,103,224,18,FALSE
1984,Celtics,6,0,0,240,39,84,0.464,1,3,0.333,29,35,0.829,13,28,41,25,7,8,19,24,108,FALSE,Lakers,119,11,TRUE,TRUE,lwlwwl,108,119,227,-11,FALSE
1984,Celtics,7,1,1,240,34,86,0.395,0,2,0,43,51,0.843,20,32,52,18,11,3,14,23,111,FALSE,Lakers,102,9,TRUE,TRUE,lwlwwlw,111,102,213,9,TRUE
1985,Lakers,1,0,0,240,49,100,0.49,2,5,0.4,14,21,0.667,8,27,35,28,9,4,12,23,114,TRUE,Celtics,148,34,TRUE,FALSE,w,148,114,262,34,FALSE
1985,Lakers,2,1,0,240,44,92,0.478,1,2,0.5,20,29,0.69,14,35,49,31,9,5,16,32,109,FALSE,Celtics,102,-7,FALSE,FALSE,wl,102,109,211,-7,FALSE
1985,Lakers,3,1,1,240,52,96,0.542,4,8,0.5,28,36,0.778,13,36,49,34,12,6,12,28,136,FALSE,Celtics,111,25,TRUE,FALSE,wll,111,136,247,-25,FALSE
1985,Lakers,4,0,1,240,40,83,0.482,1,4,0.25,24,29,0.828,9,31,40,32,7,0,14,24,105,FALSE,Celtics,107,-2,FALSE,FALSE,wllw,107,105,212,2,FALSE
1985,Lakers,5,1,1,240,50,88,0.568,0,2,0,20,27,0.741,10,29,39,40,8,7,9,19,120,FALSE,Celtics,111,9,TRUE,FALSE,wllwl,111,120,231,-9,FALSE
1985,Lakers,6,1,0,240,43,84,0.512,0,2,0,25,36,0.694,12,32,44,27,10,2,12,26,111,FALSE,Celtics,100,-11,FALSE,FALSE,wllwll,100,111,211,-11,TRUE
1986,Celtics,1,1,1,240,47,84,0.56,1,4,0.25,17,27,0.63,10,32,42,35,15,5,17,17,112,TRUE,Rockets,100,12,TRUE,TRUE,w,112,100,212,12,FALSE
1986,Celtics,2,1,1,240,45,90,0.5,4,9,0.444,23,24,0.958,14,29,43,28,9,8,12,20,117,FALSE,Rockets,95,22,TRUE,TRUE,ww,117,95,212,22,FALSE
1986,Celtics,3,0,0,240,42,96,0.438,1,5,0.2,19,21,0.905,22,31,53,28,12,4,19,27,104,FALSE,Rockets,106,2,TRUE,TRUE,wwl,104,106,210,-2,FALSE
1986,Celtics,4,1,0,240,45,78,0.577,2,6,0.333,14,17,0.824,11,29,40,23,8,6,15,17,106,FALSE,Rockets,103,-3,FALSE,TRUE,wwlw,106,103,209,3,FALSE
1986,Celtics,5,0,0,240,34,84,0.405,1,6,0.167,27,31,0.871,10,27,37,20,6,7,18,22,96,FALSE,Rockets,111,15,TRUE,TRUE,wwlwl,96,111,207,-15,FALSE
1986,Celtics,6,1,1,240,49,101,0.485,1,2,0.5,12,18,0.667,23,33,56,34,9,13,14,23,111,FALSE,Rockets,97,14,TRUE,TRUE,wwlwlw,111,97,208,14,TRUE
1987,Lakers,1,1,1,240,55,99,0.556,1,5,0.2,15,19,0.789,17,30,47,32,10,6,13,24,126,TRUE,Celtics,113,13,TRUE,TRUE,w,126,113,239,13,FALSE
1987,Lakers,2,1,1,240,56,91,0.615,6,8,0.75,23,32,0.719,7,26,33,44,8,8,10,25,141,FALSE,Celtics,122,19,TRUE,TRUE,ww,141,122,263,19,FALSE
1987,Lakers,3,0,0,240,40,81,0.494,3,11,0.273,20,27,0.741,8,24,32,18,8,4,10,24,103,FALSE,Celtics,109,6,TRUE,TRUE,wwl,103,109,212,-6,FALSE
1987,Lakers,4,1,0,240,41,85,0.482,2,4,0.5,23,32,0.719,15,31,46,17,4,4,11,16,107,FALSE,Celtics,106,-1,FALSE,TRUE,wwlw,107,106,213,1,FALSE
1987,Lakers,5,0,0,240,43,95,0.453,4,8,0.5,18,22,0.818,17,23,40,16,7,4,12,26,108,FALSE,Celtics,123,15,TRUE,TRUE,wwlwl,108,123,231,-15,FALSE
1987,Lakers,6,1,1,240,45,93,0.484,0,5,0,16,23,0.696,13,31,44,33,11,9,11,28,106,FALSE,Celtics,93,13,TRUE,TRUE,wwlwlw,106,93,199,13,TRUE
1988,Lakers,1,0,1,240,33,83,0.398,2,8,0.25,25,27,0.926,13,22,35,21,5,0,10,18,93,FALSE,Pistons,105,-12,FALSE,TRUE,l,93,105,198,-12,FALSE
1988,Lakers,2,1,1,240,35,77,0.455,3,6,0.5,35,46,0.761,8,35,43,27,6,5,9,25,108,FALSE,Pistons,96,12,TRUE,TRUE,lw,108,96,204,12,FALSE
1988,Lakers,3,1,0,240,37,72,0.514,1,3,0.333,24,34,0.706,5,33,38,21,8,6,11,13,99,FALSE,Pistons,86,-13,FALSE,TRUE,lww,99,86,185,13,FALSE
1988,Lakers,4,0,0,240,29,72,0.403,0,7,0,28,37,0.757,8,26,34,11,3,3,16,30,86,FALSE,Pistons,111,25,TRUE,TRUE,lwwl,86,111,197,-25,FALSE
1988,Lakers,5,0,0,240,37,78,0.474,1,4,0.25,19,33,0.576,15,16,31,26,7,3,14,27,94,FALSE,Pistons,104,10,TRUE,TRUE,lwwll,94,104,198,-10,FALSE
1988,Lakers,6,1,1,240,34,72,0.472,0,2,0,35,43,0.814,13,28,41,30,6,3,14,19,103,FALSE,Pistons,102,1,TRUE,TRUE,lwwllw,103,102,205,1,FALSE
1988,Lakers,7,1,1,240,43,77,0.558,3,10,0.3,19,27,0.704,10,31,41,30,6,1,18,22,108,FALSE,Pistons,105,3,TRUE,TRUE,lwwllww,108,105,213,3,TRUE
1989,Pistons,1,1,1,240,46,83,0.554,1,2,0.5,16,21,0.762,9,36,45,26,2,5,13,28,109,TRUE,Lakers,97,12,TRUE,TRUE,w,109,97,206,12,FALSE
1989,Pistons,2,1,1,240,44,81,0.543,1,8,0.125,19,21,0.905,13,22,35,21,3,9,10,31,108,FALSE,Lakers,105,3,TRUE,TRUE,ww,108,105,213,3,FALSE
1989,Pistons,3,1,0,240,43,83,0.518,1,7,0.143,27,32,0.844,14,30,44,29,8,3,13,30,114,FALSE,Lakers,110,-4,FALSE,TRUE,www,114,110,224,4,FALSE
1989,Pistons,4,1,0,240,34,70,0.486,2,3,0.667,35,51,0.686,9,27,36,21,3,4,9,26,105,FALSE,Lakers,97,-8,FALSE,TRUE,wwww,105,97,202,8,TRUE
1990,Pistons,1,1,1,240,34,91,0.374,3,10,0.3,34,46,0.739,19,35,54,16,6,5,13,25,105,TRUE,Blazers,99,6,TRUE,TRUE,w,105,99,204,6,FALSE
1990,Pistons,2,0,1,265,41,90,0.456,8,14,0.571,15,23,0.652,15,29,44,25,2,7,18,28,105,FALSE,Blazers,106,-1,FALSE,TRUE,wl,105,106,211,-1,FALSE
1990,Pistons,3,1,0,240,43,81,0.531,3,10,0.3,32,41,0.78,10,26,36,19,3,4,14,26,121,FALSE,Blazers,106,-15,FALSE,TRUE,wlw,121,106,227,15,FALSE
1990,Pistons,4,1,0,240,42,91,0.462,7,16,0.438,21,24,0.875,12,27,39,19,8,3,12,30,112,FALSE,Blazers,109,-3,FALSE,TRUE,wlww,112,109,221,3,FALSE
1990,Pistons,5,1,0,240,37,81,0.457,4,6,0.667,14,23,0.609,16,28,44,15,9,6,18,29,92,FALSE,Blazers,90,-2,FALSE,TRUE,wlwww,92,90,182,2,TRUE
1991,Bulls,1,0,1,240,38,80,0.475,1,7,0.143,14,18,0.778,9,30,39,26,11,5,10,21,91,FALSE,Lakers,93,-2,FALSE,TRUE,l,91,93,184,-2,FALSE
1991,Bulls,2,1,1,240,50,81,0.617,0,5,0,7,8,0.875,11,25,36,35,10,1,14,20,107,FALSE,Lakers,86,21,TRUE,TRUE,lw,107,86,193,21,FALSE
1991,Bulls,3,1,0,265,41,85,0.482,1,3,0.333,21,24,0.875,16,30,46,23,10,5,16,21,104,FALSE,Lakers,96,-8,FALSE,TRUE,lww,104,96,200,8,FALSE
1991,Bulls,4,1,0,240,42,80,0.525,1,3,0.333,12,14,0.857,9,29,38,27,4,8,5,22,97,FALSE,Lakers,82,-15,FALSE,TRUE,lwww,97,82,179,15,FALSE
1991,Bulls,5,1,0,240,42,78,0.538,2,3,0.667,22,28,0.786,10,27,37,28,14,6,18,23,108,FALSE,Lakers,101,-7,FALSE,TRUE,lwwww,108,101,209,7,TRUE
1992,Bulls,1,1,1,240,50,91,0.549,7,15,0.467,15,22,0.682,16,28,44,38,7,7,11,21,122,TRUE,Blazers,89,33,TRUE,TRUE,w,122,89,211,33,FALSE
1992,Bulls,2,0,1,265,41,86,0.477,5,15,0.333,17,26,0.654,10,31,41,34,5,7,15,29,104,FALSE,Blazers,115,-11,FALSE,TRUE,wl,104,115,219,-11,FALSE
1992,Bulls,3,1,0,240,37,78,0.474,1,4,0.25,19,29,0.655,9,33,42,25,9,5,16,26,94,FALSE,Blazers,84,-10,FALSE,TRUE,wlw,94,84,178,10,FALSE
1992,Bulls,4,0,0,240,35,77,0.455,4,12,0.333,14,20,0.7,7,26,33,18,7,1,16,27,88,FALSE,Blazers,93,5,TRUE,TRUE,wlwl,88,93,181,-5,FALSE
1992,Bulls,5,1,0,240,40,73,0.548,2,6,0.333,37,45,0.822,10,24,34,26,6,6,14,33,119,FALSE,Blazers,106,-13,FALSE,TRUE,wlwlw,119,106,225,13,FALSE
1992,Bulls,6,1,1,240,38,73,0.521,6,13,0.462,15,21,0.714,9,22,31,20,8,5,18,19,97,FALSE,Blazers,93,4,TRUE,TRUE,wlwlww,97,93,190,4,TRUE
1993,Bulls,1,1,0,240,43,81,0.531,3,8,0.375,11,19,0.579,10,31,41,28,10,8,12,17,100,FALSE,Suns,92,-8,FALSE,FALSE,l,92,100,192,-8,FALSE
1993,Bulls,2,1,0,240,45,89,0.506,3,7,0.429,18,25,0.72,17,26,43,31,10,7,16,21,111,FALSE,Suns,108,-3,FALSE,FALSE,ll,108,111,219,-3,FALSE
1993,Bulls,3,0,1,315,55,130,0.423,5,13,0.385,6,9,0.667,27,32,59,32,8,6,16,29,121,FALSE,Suns,129,-8,FALSE,FALSE,llw,129,121,250,8,FALSE
1993,Bulls,4,1,1,240,44,83,0.53,3,9,0.333,20,33,0.606,12,30,42,26,8,5,10,26,111,FALSE,Suns,105,6,TRUE,FALSE,llwl,105,111,216,-6,FALSE
1993,Bulls,5,0,1,240,37,79,0.468,8,18,0.444,16,24,0.667,8,27,35,20,6,4,9,22,98,FALSE,Suns,108,-10,FALSE,FALSE,llwlw,108,98,206,10,FALSE
1993,Bulls,6,1,0,240,39,82,0.476,10,14,0.714,11,20,0.55,12,27,39,24,6,2,8,26,99,FALSE,Suns,98,-1,FALSE,FALSE,llwlwl,98,99,197,-1,TRUE
1994,Rockets,1,1,1,240,31,74,0.419,4,16,0.25,19,30,0.633,12,37,49,21,10,4,17,21,85,TRUE,Knicks,78,7,TRUE,TRUE,w,85,78,163,7,FALSE
1994,Rockets,2,0,1,240,32,82,0.39,6,22,0.273,13,18,0.722,17,21,38,20,11,5,16,18,83,FALSE,Knicks,91,-8,FALSE,TRUE,wl,83,91,174,-8,FALSE
1994,Rockets,3,1,0,240,30,75,0.4,6,17,0.353,27,31,0.871,14,33,47,19,4,7,17,18,93,FALSE,Knicks,89,-4,FALSE,TRUE,wlw,93,89,182,4,FALSE
1994,Rockets,4,0,0,240,31,72,0.431,6,20,0.3,14,18,0.778,7,26,33,19,5,5,17,27,82,FALSE,Knicks,91,9,TRUE,TRUE,wlwl,82,91,173,-9,FALSE
1994,Rockets,5,0,0,240,33,81,0.407,6,18,0.333,12,16,0.75,15,27,42,24,7,4,18,21,84,FALSE,Knicks,91,7,TRUE,TRUE,wlwll,84,91,175,-7,FALSE
1994,Rockets,6,1,1,240,32,66,0.485,5,17,0.294,17,23,0.739,6,32,38,21,5,6,14,21,86,FALSE,Knicks,84,2,TRUE,TRUE,wlwllw,86,84,170,2,FALSE
1994,Rockets,7,1,1,240,34,73,0.466,4,11,0.364,18,23,0.783,3,30,33,22,8,5,9,23,90,FALSE,Knicks,84,6,TRUE,TRUE,wlwllww,90,84,174,6,TRUE
1995,Rockets,1,1,0,265,44,96,0.458,14,32,0.438,18,23,0.783,9,32,41,31,9,10,11,21,120,FALSE,Magic,118,-2,FALSE,FALSE,l,118,120,238,-2,FALSE
1995,Rockets,2,1,0,240,39,75,0.52,5,14,0.357,34,41,0.829,9,29,38,18,13,7,9,23,117,FALSE,Magic,106,-11,FALSE,FALSE,ll,106,117,223,-11,FALSE
1995,Rockets,3,1,1,240,39,84,0.464,7,19,0.368,21,30,0.7,11,35,46,28,7,2,9,21,106,FALSE,Magic,103,3,TRUE,FALSE,lll,103,106,209,-3,FALSE
1995,Rockets,4,1,1,240,40,88,0.455,11,27,0.407,22,29,0.759,15,33,48,28,11,1,10,18,113,FALSE,Magic,101,12,TRUE,FALSE,llll,101,113,214,-12,FALSE
1996,Bulls,1,1,1,240,37,86,0.43,7,26,0.269,26,31,0.839,17,23,40,20,9,9,7,27,107,TRUE,SuperSonics,90,17,TRUE,TRUE,w,107,90,197,17,FALSE
1996,Bulls,2,1,1,240,30,77,0.39,4,21,0.19,28,42,0.667,20,25,45,22,10,5,15,27,92,FALSE,SuperSonics,88,4,TRUE,TRUE,ww,92,88,180,4,FALSE
1996,Bulls,3,1,0,240,38,76,0.5,7,15,0.467,25,34,0.735,10,23,33,28,9,2,9,29,108,FALSE,SuperSonics,86,-22,FALSE,TRUE,www,108,86,194,22,FALSE
1996,Bulls,4,0,0,240,32,80,0.4,6,24,0.25,16,19,0.842,15,21,36,22,5,3,17,24,86,FALSE,SuperSonics,107,21,TRUE,TRUE,wwwl,86,107,193,-21,FALSE
1996,Bulls,5,0,0,240,29,77,0.377,3,26,0.115,17,23,0.739,15,25,40,18,3,2,13,27,78,FALSE,SuperSonics,89,11,TRUE,TRUE,wwwll,78,89,167,-11,FALSE
1996,Bulls,6,1,0,240,31,78,0.397,9,25,0.36,16,20,0.8,24,27,51,20,14,4,19,15,87,FALSE,SuperSonics,75,-12,FALSE,TRUE,wwwllw,87,75,162,12,TRUE
1997,Bulls,1,1,1,240,34,76,0.447,6,16,0.375,10,15,0.667,10,26,36,23,9,7,14,17,84,TRUE,Jazz,82,2,TRUE,TRUE,w,84,82,166,2,FALSE
1997,Bulls,2,1,1,240,32,69,0.464,6,16,0.375,27,33,0.818,11,30,41,26,8,4,13,26,97,FALSE,Jazz,85,12,TRUE,TRUE,ww,97,85,182,12,FALSE
1997,Bulls,3,0,0,240,33,75,0.44,12,32,0.375,15,21,0.714,8,27,35,20,7,8,12,25,93,FALSE,Jazz,104,11,TRUE,TRUE,wwl,93,104,197,-11,FALSE
1997,Bulls,4,0,0,240,32,76,0.421,4,19,0.211,5,12,0.417,10,28,38,17,7,4,8,19,73,FALSE,Jazz,78,5,TRUE,TRUE,wwll,73,78,151,-5,FALSE
1997,Bulls,5,1,0,240,32,72,0.444,6,15,0.4,20,30,0.667,10,32,42,17,8,5,8,25,90,FALSE,Jazz,88,-2,FALSE,TRUE,wwllw,90,88,178,2,FALSE
1997,Bulls,6,1,1,240,31,81,0.383,5,14,0.357,23,30,0.767,15,35,50,15,7,4,13,28,90,FALSE,Jazz,86,4,TRUE,TRUE,wwllww,90,86,176,4,TRUE
1998,Bulls,1,0,0,265,34,82,0.415,3,16,0.188,14,16,0.875,9,32,41,14,8,8,14,19,85,TRUE,Jazz,88,3,TRUE,FALSE,w,88,85,173,3,FALSE
1998,Bulls,2,1,0,240,34,80,0.425,3,16,0.188,22,27,0.815,18,18,36,17,10,3,7,21,93,FALSE,Jazz,88,-5,FALSE,FALSE,wl,88,93,181,-5,FALSE
1998,Bulls,3,1,1,240,37,76,0.487,4,11,0.364,18,26,0.692,11,39,50,25,13,5,17,19,96,FALSE,Jazz,54,42,TRUE,FALSE,wll,54,96,150,-42,FALSE
1998,Bulls,4,1,1,240,27,73,0.37,5,15,0.333,27,40,0.675,17,27,44,18,7,2,9,19,86,FALSE,Jazz,82,4,TRUE,FALSE,wlll,82,86,168,-4,FALSE
1998,Bulls,5,0,1,240,29,75,0.387,7,20,0.35,16,20,0.8,13,20,33,19,11,5,16,25,81,FALSE,Jazz,83,-2,FALSE,FALSE,wlllw,83,81,164,2,FALSE
1998,Bulls,6,1,0,240,34,67,0.507,4,10,0.4,15,19,0.789,5,17,22,17,11,4,9,23,87,FALSE,Jazz,86,-1,FALSE,FALSE,wlllwl,86,87,173,-1,TRUE
1999,Spurs,1,1,1,240,32,67,0.478,6,15,0.4,19,31,0.613,4,33,37,25,9,6,14,18,89,TRUE,Knicks,77,12,TRUE,TRUE,w,89,77,166,12,FALSE
1999,Spurs,2,1,1,240,27,63,0.429,2,12,0.167,24,35,0.686,5,36,41,18,5,9,12,13,80,FALSE,Knicks,67,13,TRUE,TRUE,ww,80,67,147,13,FALSE
1999,Spurs,3,0,0,240,29,65,0.446,5,13,0.385,18,22,0.818,10,26,36,15,6,3,20,27,81,FALSE,Knicks,89,8,TRUE,TRUE,wwl,81,89,170,-8,FALSE
1999,Spurs,4,1,0,240,35,75,0.467,3,9,0.333,23,28,0.821,14,35,49,23,5,9,17,25,96,FALSE,Knicks,89,-7,FALSE,TRUE,wwlw,96,89,185,7,FALSE
1999,Spurs,5,1,0,240,27,67,0.403,5,13,0.385,19,25,0.76,9,31,40,20,7,2,14,17,78,FALSE,Knicks,77,-1,FALSE,TRUE,wwlww,78,77,155,1,TRUE
2000,Lakers,1,1,1,240,45,88,0.511,3,12,0.25,11,19,0.579,14,34,48,25,9,6,11,19,104,TRUE,Pacers,87,17,TRUE,TRUE,w,104,87,191,17,FALSE
2000,Lakers,2,1,1,240,36,75,0.48,7,15,0.467,32,57,0.561,11,36,47,29,3,8,9,26,111,FALSE,Pacers,104,7,TRUE,TRUE,ww,111,104,215,7,FALSE
2000,Lakers,3,0,0,240,38,76,0.5,7,17,0.412,8,19,0.421,8,25,33,23,9,4,16,27,91,FALSE,Pacers,100,9,TRUE,TRUE,wwl,91,100,191,-9,FALSE
2000,Lakers,4,1,0,265,48,93,0.516,4,12,0.333,20,30,0.667,14,28,42,20,6,4,12,31,120,FALSE,Pacers,118,-2,FALSE,TRUE,wwlw,120,118,238,2,FALSE
2000,Lakers,5,0,0,240,36,90,0.4,4,19,0.211,11,21,0.524,13,21,34,18,9,2,12,33,87,FALSE,Pacers,120,33,TRUE,TRUE,wwlwl,87,120,207,-33,FALSE
2000,Lakers,6,1,1,240,43,90,0.478,10,17,0.588,20,33,0.606,13,31,44,25,5,7,5,24,116,FALSE,Pacers,111,5,TRUE,TRUE,wwlwlw,116,111,227,5,TRUE
2001,Lakers,1,0,1,265,40,90,0.444,6,13,0.462,15,27,0.556,16,28,44,23,14,9,19,22,101,FALSE,Sixers,107,-6,FALSE,TRUE,l,101,107,208,-6,FALSE
2001,Lakers,2,1,1,240,38,81,0.469,4,16,0.25,18,26,0.692,15,37,52,29,7,13,16,24,98,FALSE,Sixers,89,9,TRUE,TRUE,lw,98,89,187,9,FALSE
2001,Lakers,3,1,0,240,35,75,0.467,4,10,0.4,22,25,0.88,10,30,40,18,8,6,13,26,96,FALSE,Sixers,91,-5,FALSE,TRUE,lww,96,91,187,5,FALSE
2001,Lakers,4,1,0,240,36,72,0.5,10,19,0.526,18,32,0.563,12,31,43,24,6,6,14,22,100,FALSE,Sixers,86,-14,FALSE,TRUE,lwww,100,86,186,14,FALSE
2001,Lakers,5,1,0,240,32,71,0.451,12,17,0.706,32,45,0.711,14,33,47,21,6,10,12,22,108,FALSE,Sixers,96,-12,FALSE,TRUE,lwwww,108,96,204,12,TRUE
2002,Lakers,1,1,1,240,33,72,0.458,1,10,0.1,32,45,0.711,17,33,50,21,8,8,16,20,99,TRUE,Nets,94,5,TRUE,TRUE,w,99,94,193,5,FALSE
2002,Lakers,2,1,1,240,39,78,0.5,9,16,0.563,19,24,0.792,12,35,47,26,6,7,16,21,106,FALSE,Nets,83,23,TRUE,TRUE,ww,106,83,189,23,FALSE
2002,Lakers,3,1,0,240,37,68,0.544,8,16,0.5,24,35,0.686,7,33,40,17,7,10,19,22,106,FALSE,Nets,103,-3,FALSE,TRUE,www,106,103,209,3,FALSE
2002,Lakers,4,1,0,240,37,71,0.521,11,19,0.579,28,37,0.757,7,32,39,28,7,3,9,15,113,FALSE,Nets,107,-6,FALSE,TRUE,wwww,113,107,220,6,TRUE
2003,Spurs,1,1,1,240,39,79,0.494,4,10,0.4,19,28,0.679,10,37,47,24,7,12,12,20,101,TRUE,Nets,89,12,TRUE,TRUE,w,101,89,190,12,FALSE
2003,Spurs,2,0,1,240,33,68,0.485,5,13,0.385,14,25,0.56,14,29,43,17,6,7,21,16,85,FALSE,Nets,87,-2,FALSE,TRUE,wl,85,87,172,-2,FALSE
2003,Spurs,3,1,0,240,28,67,0.418,5,10,0.5,23,35,0.657,9,29,38,19,10,8,17,17,84,FALSE,Nets,79,-5,FALSE,TRUE,wlw,84,79,163,5,FALSE
2003,Spurs,4,0,0,240,26,90,0.289,4,18,0.222,20,24,0.833,22,31,53,14,10,10,11,27,76,FALSE,Nets,77,1,TRUE,TRUE,wlwl,76,77,153,-1,FALSE
2003,Spurs,5,1,0,240,33,69,0.478,3,9,0.333,24,29,0.828,8,31,39,15,10,9,15,29,93,FALSE,Nets,83,-10,FALSE,TRUE,wlwlw,93,83,176,10,FALSE
2003,Spurs,6,1,1,240,34,74,0.459,3,15,0.2,17,25,0.68,11,44,55,20,4,13,19,14,88,FALSE,Nets,77,11,TRUE,TRUE,wlwlww,88,77,165,11,TRUE
2004,Pistons,1,1,0,240,30,65,0.462,6,12,0.5,21,30,0.7,9,27,36,19,9,4,14,17,87,FALSE,Lakers,75,-12,FALSE,FALSE,l,75,87,162,-12,FALSE
2004,Pistons,2,0,0,265,32,81,0.395,6,12,0.5,21,31,0.677,19,27,46,19,6,6,14,23,91,FALSE,Lakers,99,8,TRUE,FALSE,lw,99,91,190,8,FALSE
2004,Pistons,3,1,1,240,31,76,0.408,5,15,0.333,21,30,0.7,15,36,51,17,11,4,11,16,88,FALSE,Lakers,68,20,TRUE,FALSE,lwl,68,88,156,-20,FALSE
2004,Pistons,4,1,1,240,29,68,0.426,2,13,0.154,28,41,0.683,9,36,45,16,5,4,12,20,88,FALSE,Lakers,80,8,TRUE,FALSE,lwll,80,88,168,-8,FALSE
2004,Pistons,5,1,1,240,35,76,0.461,2,14,0.143,28,39,0.718,20,30,50,18,8,2,12,27,100,FALSE,Lakers,87,13,TRUE,FALSE,lwlll,87,100,187,-13,TRUE
2005,Spurs,1,1,1,240,34,79,0.43,4,13,0.308,12,15,0.8,15,34,49,12,3,8,15,17,84,TRUE,Pistons,69,15,TRUE,TRUE,w,84,69,153,15,FALSE
2005,Spurs,2,1,1,240,29,62,0.468,11,24,0.458,28,34,0.824,9,27,36,23,11,7,15,19,97,FALSE,Pistons,76,21,TRUE,TRUE,ww,97,76,173,21,FALSE
2005,Spurs,3,0,0,240,29,67,0.433,8,17,0.471,13,20,0.65,10,27,37,16,7,3,18,21,79,FALSE,Pistons,96,17,TRUE,TRUE,wwl,79,96,175,-17,FALSE
2005,Spurs,4,0,0,240,26,70,0.371,5,15,0.333,14,24,0.583,12,32,44,15,1,9,17,21,71,FALSE,Pistons,102,31,TRUE,TRUE,wwll,71,102,173,-31,FALSE
2005,Spurs,5,1,0,265,38,82,0.463,8,20,0.4,12,21,0.571,19,26,45,20,3,3,16,26,96,FALSE,Pistons,95,-1,FALSE,TRUE,wwllw,96,95,191,1,FALSE
2005,Spurs,6,0,1,240,31,75,0.413,8,28,0.286,16,26,0.615,13,30,43,15,3,2,11,18,86,FALSE,Pistons,95,-9,FALSE,TRUE,wwllwl,86,95,181,-9,FALSE
2005,Spurs,7,1,1,240,29,68,0.426,7,11,0.636,16,19,0.842,8,30,38,14,4,7,13,20,81,FALSE,Pistons,74,7,TRUE,TRUE,wwllwlw,81,74,155,7,TRUE
2006,Heat,1,0,0,240,34,78,0.436,5,20,0.25,7,19,0.368,12,33,45,20,10,1,15,25,80,TRUE,Mavericks,90,10,TRUE,FALSE,w,90,80,170,10,FALSE
2006,Heat,2,0,0,240,29,70,0.414,7,17,0.412,20,32,0.625,8,24,32,16,5,3,13,23,85,FALSE,Mavericks,99,14,TRUE,FALSE,ww,99,85,184,14,FALSE
2006,Heat,3,1,1,240,37,76,0.487,4,14,0.286,20,34,0.588,16,33,49,13,9,2,20,23,98,FALSE,Mavericks,96,2,TRUE,FALSE,wwl,96,98,194,-2,FALSE
2006,Heat,4,1,1,240,34,66,0.515,7,19,0.368,23,36,0.639,6,42,48,19,7,7,18,26,98,FALSE,Mavericks,74,24,TRUE,FALSE,wwll,74,98,172,-24,FALSE
2006,Heat,5,1,1,265,31,69,0.449,7,17,0.412,32,49,0.653,7,26,33,14,7,0,11,26,101,FALSE,Mavericks,100,1,TRUE,FALSE,wwlll,100,101,201,-1,FALSE
2006,Heat,6,1,0,240,35,78,0.449,2,18,0.111,23,37,0.622,14,42,56,18,9,10,19,23,95,FALSE,Mavericks,92,-3,FALSE,FALSE,wwllll,92,95,187,-3,TRUE
2007,Spurs,1,1,1,240,34,75,0.453,6,16,0.375,11,16,0.688,13,30,43,18,6,5,14,15,85,TRUE,Cavaliers,76,9,TRUE,TRUE,w,85,76,161,9,FALSE
2007,Spurs,2,1,1,240,37,77,0.481,8,24,0.333,21,26,0.808,12,34,46,21,6,6,10,23,103,FALSE,Cavaliers,92,11,TRUE,TRUE,ww,103,92,195,11,FALSE
2007,Spurs,3,1,0,240,28,68,0.412,10,19,0.526,9,16,0.563,7,34,41,15,7,2,14,15,75,FALSE,Cavaliers,72,-3,FALSE,TRUE,www,75,72,147,3,FALSE
2007,Spurs,4,1,0,240,29,68,0.426,5,19,0.263,20,34,0.588,11,34,45,13,5,2,14,19,83,FALSE,Cavaliers,82,-1,FALSE,TRUE,wwww,83,82,165,1,TRUE
2008,Celtics,1,1,1,240,32,76,0.421,6,19,0.316,28,35,0.8,10,36,46,20,6,3,13,22,98,TRUE,Lakers,88,10,TRUE,TRUE,w,98,88,186,10,FALSE
2008,Celtics,2,1,1,240,36,68,0.529,9,14,0.643,27,38,0.711,10,27,37,31,7,3,15,21,108,FALSE,Lakers,102,6,TRUE,TRUE,ww,108,102,210,6,FALSE
2008,Celtics,3,0,0,240,29,83,0.349,8,18,0.444,15,22,0.682,14,31,45,19,8,8,13,28,81,FALSE,Lakers,87,6,TRUE,TRUE,wwl,81,87,168,-6,FALSE
2008,Celtics,4,1,0,240,33,73,0.452,8,22,0.364,23,28,0.821,6,34,40,15,7,4,11,24,97,FALSE,Lakers,91,-6,FALSE,TRUE,wwlw,97,91,188,6,FALSE
2008,Celtics,5,0,0,240,33,77,0.429,8,22,0.364,24,31,0.774,11,26,37,20,6,2,18,28,98,FALSE,Lakers,103,5,TRUE,TRUE,wwlwl,98,103,201,-5,FALSE
2008,Celtics,6,1,1,240,43,87,0.494,13,26,0.5,32,37,0.865,14,34,48,33,18,4,7,25,131,FALSE,Lakers,92,39,TRUE,TRUE,wwlwlw,131,92,223,39,TRUE
2009,Lakers,1,1,1,240,41,89,0.461,3,9,0.333,15,18,0.833,15,40,55,18,4,7,8,23,100,TRUE,Magic,75,25,TRUE,TRUE,w,100,75,175,25,FALSE
2009,Lakers,2,1,1,265,36,78,0.462,5,15,0.333,24,28,0.857,4,31,35,20,12,6,12,25,101,FALSE,Magic,96,5,TRUE,TRUE,ww,101,96,197,5,FALSE
2009,Lakers,3,0,0,240,40,78,0.513,8,23,0.348,16,26,0.615,11,16,27,16,6,3,13,25,104,FALSE,Magic,108,4,TRUE,TRUE,wwl,104,108,212,-4,FALSE
2009,Lakers,4,1,0,265,38,91,0.418,8,23,0.348,15,20,0.75,10,29,39,15,8,2,7,28,99,FALSE,Magic,91,-8,FALSE,TRUE,wwlw,99,91,190,8,FALSE
2009,Lakers,5,1,0,240,35,80,0.438,8,16,0.5,21,28,0.75,13,34,47,13,6,8,10,20,99,FALSE,Magic,86,-13,FALSE,TRUE,wwlww,99,86,185,13,TRUE
2010,Lakers,1,1,1,240,37,76,0.487,4,10,0.4,24,31,0.774,12,30,42,18,6,7,12,26,102,TRUE,Celtics,89,13,TRUE,TRUE,w,102,89,191,13,FALSE
2010,Lakers,2,0,1,240,29,71,0.408,5,22,0.227,31,41,0.756,10,29,39,18,8,14,15,29,94,FALSE,Celtics,103,-9,FALSE,TRUE,wl,94,103,197,-9,FALSE
2010,Lakers,3,1,0,240,34,76,0.447,2,15,0.133,21,24,0.875,11,32,43,13,2,7,8,20,91,FALSE,Celtics,84,-7,FALSE,TRUE,wlw,91,84,175,7,FALSE
2010,Lakers,4,0,0,240,32,71,0.451,7,20,0.35,18,22,0.818,8,26,34,13,6,3,15,23,89,FALSE,Celtics,96,7,TRUE,TRUE,wlwl,89,96,185,-7,FALSE
2010,Lakers,5,0,0,240,31,78,0.397,7,19,0.368,17,26,0.654,16,18,34,12,9,1,13,22,86,FALSE,Celtics,92,6,TRUE,TRUE,wlwll,86,92,178,-6,FALSE
2010,Lakers,6,1,1,240,33,79,0.418,6,19,0.316,17,19,0.895,12,40,52,17,13,8,13,17,89,FALSE,Celtics,67,22,TRUE,TRUE,wlwllw,89,67,156,22,FALSE
2010,Lakers,7,1,1,240,27,83,0.325,4,20,0.2,25,37,0.676,23,30,53,11,7,3,11,19,83,FALSE,Celtics,79,4,TRUE,TRUE,wlwllww,83,79,162,4,TRUE
2011,Mavericks,1,0,0,240,25,67,0.373,9,22,0.409,25,32,0.781,6,30,36,18,6,8,11,22,84,TRUE,Heat,92,8,TRUE,FALSE,w,92,84,176,8,FALSE
2011,Mavericks,2,1,0,240,36,75,0.48,6,17,0.353,17,21,0.81,11,30,41,18,8,2,18,20,95,FALSE,Heat,93,-2,FALSE,FALSE,wl,93,95,188,-2,FALSE
2011,Mavericks,3,0,1,240,28,70,0.4,8,21,0.381,22,27,0.815,12,30,42,18,3,8,14,14,86,FALSE,Heat,88,-2,FALSE,FALSE,wlw,88,86,174,2,FALSE
2011,Mavericks,4,1,1,240,29,73,0.397,4,19,0.211,24,30,0.8,12,29,41,13,7,2,11,18,86,FALSE,Heat,83,3,TRUE,FALSE,wlwl,83,86,169,-3,FALSE
2011,Mavericks,5,1,1,240,39,69,0.565,13,19,0.684,21,27,0.778,4,22,26,23,8,3,11,20,112,FALSE,Heat,103,9,TRUE,FALSE,wlwll,103,112,215,-9,FALSE
2011,Mavericks,6,1,0,240,41,82,0.5,11,26,0.423,12,18,0.667,10,30,40,19,11,1,14,24,105,FALSE,Heat,95,-10,FALSE,FALSE,wlwlll,95,105,200,-10,TRUE
2012,Heat,1,0,0,240,36,78,0.462,8,19,0.421,14,18,0.778,7,28,35,20,6,1,10,19,94,TRUE,Thunder,105,11,TRUE,FALSE,w,105,94,199,11,FALSE
2012,Heat,2,1,0,240,36,76,0.474,6,14,0.429,22,25,0.88,11,29,40,13,5,4,13,21,100,FALSE,Thunder,96,-4,FALSE,FALSE,wl,96,100,196,-4,FALSE
2012,Heat,3,1,1,240,28,74,0.378,4,13,0.308,31,35,0.886,14,31,45,13,6,5,12,19,91,FALSE,Thunder,85,6,TRUE,FALSE,wll,85,91,176,-6,FALSE
2012,Heat,4,1,1,240,38,79,0.481,10,26,0.385,18,25,0.72,9,31,40,19,8,2,9,18,104,FALSE,Thunder,98,6,TRUE,FALSE,wlll,98,104,202,-6,FALSE
2012,Heat,5,1,1,240,40,77,0.519,14,26,0.538,27,33,0.818,8,33,41,25,8,7,13,21,121,FALSE,Thunder,106,15,TRUE,FALSE,wllll,106,121,227,-15,FALSE
2012,Heat,1,0,1,240,34,78,0.436,8,25,0.32,12,17,0.706,9,37,46,20,4,2,8,12,88,FALSE,Spurs,92,-4,FALSE,TRUE,wllllw,88,92,180,-4,TRUE
2013,Heat,2,1,1,240,41,83,0.494,10,19,0.526,11,14,0.786,9,27,36,22,9,6,6,17,103,FALSE,Spurs,84,19,TRUE,TRUE,w,103,84,187,19,FALSE
2013,Heat,3,0,0,240,31,76,0.408,8,18,0.444,7,10,0.7,9,27,36,21,9,8,16,21,77,FALSE,Spurs,113,36,TRUE,TRUE,wl,77,113,190,-36,FALSE
2013,Heat,4,1,0,240,45,85,0.529,4,12,0.333,15,17,0.882,7,34,41,23,13,7,9,26,109,FALSE,Spurs,93,-16,FALSE,TRUE,wlw,109,93,202,16,FALSE
2013,Heat,5,0,0,240,37,86,0.43,11,23,0.478,19,23,0.826,12,22,34,25,8,3,13,24,104,FALSE,Spurs,114,10,TRUE,TRUE,wlwl,104,114,218,-10,FALSE
2013,Heat,6,1,1,265,38,81,0.469,11,19,0.579,16,21,0.762,12,30,42,23,10,6,15,26,103,FALSE,Spurs,100,3,TRUE,TRUE,wlwlw,103,100,203,3,FALSE
2013,Heat,7,1,1,240,36,82,0.439,12,32,0.375,11,16,0.688,11,32,43,14,8,4,16,19,95,FALSE,Spurs,88,7,TRUE,TRUE,wlwlww,95,88,183,7,TRUE
2014,Spurs,1,1,1,240,40,68,0.588,13,25,0.52,17,22,0.773,5,34,39,30,8,4,22,14,110,TRUE,Heat,95,15,TRUE,TRUE,w,110,95,205,15,FALSE
2014,Spurs,2,0,1,240,36,82,0.439,12,26,0.462,12,20,0.6,11,26,37,26,7,1,11,20,96,FALSE,Heat,98,-2,FALSE,TRUE,wl,96,98,194,-2,FALSE
2014,Spurs,3,1,0,240,38,64,0.594,9,20,0.45,26,32,0.813,5,24,29,21,12,4,12,25,111,FALSE,Heat,92,-19,FALSE,TRUE,wlw,111,92,203,19,FALSE
2014,Spurs,4,1,0,240,40,70,0.571,9,21,0.429,18,25,0.72,12,32,44,25,8,4,14,19,107,FALSE,Heat,86,-21,FALSE,TRUE,wlww,107,86,193,21,FALSE
2014,Spurs,5,1,1,240,37,78,0.474,12,26,0.462,18,23,0.783,6,34,40,25,5,4,8,21,104,FALSE,Heat,87,17,TRUE,TRUE,wlwww,104,87,191,17,TRUE
2015,Warriors,1,1,1,265,39,88,0.443,10,27,0.37,20,22,0.909,11,37,48,24,8,5,12,16,108,TRUE,Cavaliers,100,8,TRUE,TRUE,w,108,100,208,8,FALSE
2015,Warriors,2,0,1,265,33,83,0.398,8,35,0.229,19,25,0.76,10,35,45,16,11,7,18,31,93,FALSE,Cavaliers,95,-2,FALSE,TRUE,wl,93,95,188,-2,FALSE
2015,Warriors,3,0,0,240,36,90,0.4,12,34,0.353,7,12,0.583,18,28,46,21,6,7,14,25,91,FALSE,Cavaliers,96,5,TRUE,TRUE,wll,91,96,187,-5,FALSE
2015,Warriors,4,1,0,240,36,77,0.468,12,30,0.4,19,27,0.704,6,38,44,24,5,5,7,21,103,FALSE,Cavaliers,82,-21,FALSE,TRUE,wllw,103,82,185,21,FALSE
2015,Warriors,5,1,1,240,36,75,0.48,12,26,0.462,20,34,0.588,11,32,43,25,7,2,16,25,104,FALSE,Cavaliers,91,13,TRUE,TRUE,wllww,104,91,195,13,FALSE
2015,Warriors,6,1,0,240,37,85,0.435,13,34,0.382,18,29,0.621,7,32,39,28,11,4,9,27,105,FALSE,Cavaliers,97,-8,FALSE,TRUE,wllwww,105,97,202,8,TRUE
2016,Cavaliers,1,0,0,240,32,84,0.381,7,21,0.333,18,20,0.9,15,32,47,17,7,4,15,17,89,TRUE,Warriors,104,15,TRUE,FALSE,w,104,89,193,15,FALSE
2016,Cavaliers,2,0,0,240,28,79,0.354,5,23,0.217,16,24,0.667,9,25,34,15,15,3,17,19,77,FALSE,Warriors,110,33,TRUE,FALSE,ww,110,77,187,33,FALSE
2016,Cavaliers,3,1,1,240,48,91,0.527,12,25,0.48,12,17,0.706,17,35,52,23,8,3,13,25,120,FALSE,Warriors,90,30,TRUE,FALSE,wwl,90,120,210,-30,FALSE
2016,Cavaliers,4,0,1,240,38,81,0.469,6,25,0.24,15,26,0.577,16,24,40,15,5,6,11,24,97,FALSE,Warriors,108,-11,FALSE,FALSE,wwlw,108,97,205,11,FALSE
2016,Cavaliers,5,1,0,240,44,83,0.53,10,24,0.417,14,23,0.609,8,33,41,15,11,9,16,22,112,FALSE,Warriors,97,-15,FALSE,FALSE,wwlwl,97,112,209,-15,FALSE
2016,Cavaliers,6,1,1,240,40,77,0.519,10,27,0.37,25,32,0.781,8,37,45,24,12,7,10,25,115,FALSE,Warriors,101,14,TRUE,FALSE,wwlwll,101,115,216,-14,FALSE
2016,Cavaliers,7,1,0,240,33,82,0.402,6,25,0.24,21,25,0.84,9,39,48,17,7,6,11,15,93,FALSE,Warriors,89,-4,FALSE,FALSE,wwlwlll,89,93,182,-4,TRUE
2017,Warriors,1,1,1,240,45,106,0.425,12,33,0.364,11,16,0.688,14,36,50,31,12,3,4,24,113,TRUE,Cavaliers,91,22,TRUE,TRUE,w,113,91,204,22,FALSE
2017,Warriors,2,1,1,240,46,89,0.517,18,43,0.419,22,24,0.917,10,43,53,34,5,7,20,19,132,FALSE,Cavaliers,113,19,TRUE,TRUE,ww,132,113,245,19,FALSE
2017,Warriors,3,1,0,240,40,83,0.482,16,33,0.485,22,24,0.917,8,36,44,29,8,4,18,28,118,FALSE,Cavaliers,113,-5,FALSE,TRUE,www,118,113,231,5,FALSE
2017,Warriors,4,0,0,240,39,87,0.448,11,39,0.282,27,36,0.75,16,24,40,26,5,6,12,27,116,FALSE,Cavaliers,137,21,TRUE,TRUE,wwwl,116,137,253,-21,FALSE
2017,Warriors,5,1,1,240,46,90,0.511,14,38,0.368,23,28,0.821,13,29,42,27,8,2,13,24,129,FALSE,Cavaliers,120,9,TRUE,TRUE,wwwlw,129,120,249,9,TRUE
2018,Warriors,1,1,1,265,46,90,0.511,13,36,0.361,19,20,0.95,4,34,38,31,10,6,7,18,124,TRUE,Cavaliers,114,10,TRUE,TRUE,w,124,114,238,10,FALSE
2018,Warriors,2,1,1,240,47,82,0.573,15,36,0.417,13,21,0.619,7,34,41,28,3,8,12,25,122,FALSE,Cavaliers,103,19,TRUE,TRUE,ww,122,103,225,19,FALSE
2018,Warriors,3,1,0,240,42,81,0.519,9,26,0.346,17,19,0.895,6,31,37,27,6,5,10,20,110,FALSE,Cavaliers,102,-8,FALSE,TRUE,www,110,102,212,8,FALSE
2018,Warriors,4,1,0,240,39,86,0.453,14,38,0.368,16,16,1,10,34,44,25,7,13,8,24,108,FALSE,Cavaliers,85,-23,FALSE,TRUE,wwww,108,85,193,23,TRUE
2019,Raptors,1,1,1,240,39,77,0.506,13,33,0.394,27,32,0.844,7,29,36,25,6,6,10,26,118,TRUE,Warriors,109,9,TRUE,TRUE,w,118,109,227,9,FALSE
2019,Raptors,2,0,1,240,35,94,0.372,11,38,0.289,23,26,0.885,15,34,49,17,8,2,15,22,104,FALSE,Warriors,109,-5,FALSE,TRUE,wl,104,109,213,-5,FALSE
2019,Raptors,3,1,0,240,43,82,0.524,17,38,0.447,20,21,0.952,5,35,40,30,9,10,14,22,123,FALSE,Warriors,109,-14,FALSE,TRUE,wlw,123,109,232,14,FALSE
2019,Raptors,4,1,0,240,36,86,0.419,10,32,0.313,23,24,0.958,7,32,39,22,12,4,9,21,105,FALSE,Warriors,92,-13,FALSE,TRUE,wlww,105,92,197,13,FALSE
2019,Raptors,5,0,1,240,38,85,0.447,8,32,0.25,21,27,0.778,13,30,43,19,6,5,13,19,105,FALSE,Warriors,106,-1,FALSE,TRUE,wlwwl,105,106,211,-1,FALSE
2019,Raptors,6,1,0,240,39,82,0.476,13,33,0.394,23,29,0.793,11,28,39,25,8,2,12,23,114,FALSE,Warriors,110,-4,FALSE,TRUE,wlwwlw,114,110,224,4,TRUE
2020,Lakers,1,1,1,240,38,84,0.452,15,38,0.395,25,27,0.926,9,45,54,26,7,8,12,19,116,TRUE,Heat,98,18,TRUE,TRUE,w,116,98,214,18,FALSE
2020,Lakers,2,1,1,240,49,97,0.505,16,47,0.34,10,17,0.588,16,28,44,32,6,3,9,26,124,FALSE,Heat,114,10,TRUE,TRUE,ww,124,114,238,10,FALSE
2020,Lakers,3,0,0,240,34,79,0.43,14,42,0.333,22,29,0.759,11,32,43,23,8,2,19,22,104,FALSE,Heat,115,11,TRUE,TRUE,wwl,104,115,219,-11,FALSE
2020,Lakers,4,1,0,240,35,79,0.443,14,39,0.359,18,21,0.857,10,32,42,25,5,4,15,14,102,FALSE,Heat,96,-6,FALSE,TRUE,wwlw,102,96,198,6,FALSE
2020,Lakers,5,0,1,240,38,82,0.463,14,38,0.368,18,21,0.857,12,29,41,21,10,5,15,21,108,FALSE,Heat,111,-3,FALSE,TRUE,wwlwl,108,111,219,-3,FALSE
2020,Lakers,6,1,0,240,43,89,0.483,11,35,0.314,9,14,0.643,12,34,46,23,5,4,12,22,106,FALSE,Heat,93,-13,FALSE,TRUE,wwlwlw,106,93,199,13,TRUE
2021,Bucks,1,0,0,240,40,88,0.455,16,36,0.444,9,16,0.563,9,38,47,21,4,2,13,18,105,TRUE,Suns,118,-13,TRUE,FALSE,l,118,105,223,13,FALSE
2021,Bucks,2,0,0,240,42,93,0.452,9,31,0.29,15,23,0.652,18,28,46,21,8,7,9,17,108,FALSE,Suns,118,-10,TRUE,FALSE,ll,118,108,226,10,FALSE
2021,Bucks,3,1,1,240,43,90,0.478,14,36,0.389,20,26,0.769,13,34,47,28,8,2,9,18,120,FALSE,Suns,100,20,TRUE,FALSE,llw,120,100,220,20,FALSE
2021,Bucks,4,1,1,240,39,97,0.402,7,29,0.241,24,29,0.828,17,31,48,22,11,3,5,18,109,FALSE,Suns,103,6,TRUE,FALSE,llww,109,103,212,6,FALSE
2021,Bucks,5,1,0,240,50,87,0.575,14,28,0.5,9,17,0.529,11,26,37,26,7,1,11,17,123,FALSE,Suns,119,4,FALSE,FALSE,llwww,119,123,242,-4,FALSE
2021,Bucks,6,1,1,240,37,82,0.451,6,27,0.222,25,29,0.862,11,42,53,20,10,6,18,17,105,FALSE,Suns,98,7,TRUE,FALSE,llwwww,105,98,203,7,TRUE
2022,Warriors,1,0,1,240,39,88,0.443,19,45,0.422,11,15,0.733,12,27,39,24,8,6,14,16,108,FALSE,Celtics,120,-12,FALSE,TRUE,l,108,120,228,-12,FALSE
2022,Warriors,2,1,1,240,39,86,0.453,15,37,0.405,14,20,0.7,6,36,42,25,15,2,12,17,107,FALSE,Celtics,88,19,TRUE,TRUE,lw,107,88,195,19,FALSE
2022,Warriors,3,0,0,240,36,78,0.462,15,40,0.375,13,15,0.867,6,25,31,22,7,5,16,23,100,FALSE,Celtics,116,-16,TRUE,TRUE,lwl,116,100,216,16,FALSE
2022,Warriors,4,1,0,240,40,91,0.44,15,43,0.349,12,15,0.8,16,39,55,20,10,5,16,21,107,FALSE,Celtics,97,10,FALSE,TRUE,lwlw,97,107,204,-10,FALSE
2022,Warriors,5,1,1,240,41,88,0.466,9,40,0.225,13,15,0.867,4,35,39,23,9,2,6,28,104,FALSE,Celtics,94,10,TRUE,TRUE,lwlww,104,94,198,10,FALSE
2022,Warriors,6,1,0,240,38,92,0.413,19,46,0.413,8,8,1,15,29,44,27,13,7,15,20,103,FALSE,Celtics,90,13,FALSE,TRUE,lwlwww,90,103,193,-13,TRUE
2023,Nuggets,1,1,1,240,40,79,0.506,8,27,0.296,16,20,0.8,6,39,45,29,4,4,10,8,104,TRUE,Heat,93,11,TRUE,TRUE,w,104,93,197,11,FALSE
2023,Nuggets,2,0,1,240,39,75,0.52,11,28,0.393,19,22,0.864,9,29,38,23,7,2,13,21,108,FALSE,Heat,111,-3,FALSE,TRUE,wl,108,111,219,-3,FALSE
2023,Nuggets,3,1,0,240,41,80,0.513,5,18,0.278,22,27,0.815,13,45,58,28,3,5,13,18,109,FALSE,Heat,94,15,FALSE,TRUE,wlw,94,109,203,-15,FALSE
2023,Nuggets,4,1,0,240,39,79,0.494,14,28,0.5,16,21,0.762,5,29,34,26,11,7,6,18,108,FALSE,Heat,95,13,FALSE,TRUE,wlww,95,108,203,-13,FALSE
2023,Nuggets,5,1,1,240,38,84,0.452,5,28,0.179,13,23,0.565,11,46,57,21,6,7,14,13,94,FALSE,Heat,89,5,TRUE,TRUE,wlwww,94,89,183,5,TRUE
2024,Celtics,1,1,1,240,39,82,0.476,16,42,0.381,13,19,0.684,10,37,47,23,6,9,14,16,107,TRUE,Mavericks,89,18,TRUE,TRUE,w,107,89,196,18,FALSE
2024,Celtics,2,1,1,240,38,84,0.452,10,39,0.256,19,20,0.95,10,31,41,29,10,5,11,15,105,TRUE,Mavericks,98,7,TRUE,TRUE,ww,105,98,203,7,FALSE
2024,Celtics,3,1,0,240,38,82,0.463,17,46,0.37,13,14,0.929,6,30,36,26,4,6,9,19,106,FALSE,Mavericks,99,7,FALSE,TRUE,www,99,106,205,-7,FALSE
2024,Celtics,4,0,0,240,29,80,0.363,14,41,0.341,12,13,0.923,4,27,31,18,2,5,14,19,84,TRUE,Mavericks,122,-38,TRUE,TRUE,wwwl,122,84,206,38,FALSE
2024,Celtics,5,1,1,240,38,89,0.427,13,39,0.333,17,20,0.85,15,36,51,25,9,2,9,15,106,TRUE,Mavericks,88,18,TRUE,TRUE,wwwlw,106,88,194,18,TRUE